time_s,displacement_M1_mm,displacement_M2_mm
0.0,0.0018665422305177838,-0.005066328911405846
0.0111111111111111,0.0018665422305177838,-0.005066328911405846
0.0222222222222222,0.0018665422305177838,-0.005066328911405846
0.0333333333333333,0.0018665422305177838,0.008266115592293908
0.0444444444444444,-0.01146590227318197,-0.005066328911405846
0.0555555555555555,0.0018665422305177838,-0.005066328911405846
0.0666666666666666,-0.01146590227318197,-0.005066328911405846
0.0777777777777777,0.0018665422305177838,-0.005066328911405846
0.0888888888888888,0.0018665422305177838,-0.005066328911405846
0.1,-0.01146590227318197,-0.005066328911405846
0.1111111111111111,0.0018665422305177838,-0.005066328911405846
0.1222222222222222,0.0018665422305177838,-0.005066328911405846
0.1333333333333333,0.0018665422305177838,-0.005066328911405846
0.1444444444444444,0.0018665422305177838,-0.005066328911405846
0.1555555555555555,0.0018665422305177838,0.008266115592293908
0.1666666666666666,-0.01146590227318197,-0.005066328911405846
0.1777777777777777,0.0018665422305177838,-0.005066328911405846
0.1888888888888888,0.0018665422305177838,-0.005066328911405846
0.2,0.0018665422305177838,-0.005066328911405846
0.2111111111111111,-0.01146590227318197,-0.005066328911405846
0.2222222222222222,0.0018665422305177838,-0.005066328911405846
0.2333333333333333,0.0018665422305177838,-0.005066328911405846
0.2444444444444444,0.0018665422305177838,-0.005066328911405846
0.2555555555555555,0.0018665422305177838,-0.005066328911405846
0.2666666666666666,-0.01146590227318197,-0.005066328911405846
0.2777777777777778,0.0018665422305177838,-0.005066328911405846
0.2888888888888888,0.0018665422305177838,-0.005066328911405846
0.3,0.0018665422305177838,-0.005066328911405846
0.3111111111111111,0.0018665422305177838,0.008266115592293908
0.3222222222222222,-0.01146590227318197,-0.005066328911405846
0.3333333333333333,0.0018665422305177838,-0.005066328911405846
0.3444444444444444,0.0018665422305177838,-0.005066328911405846
0.3555555555555555,0.0018665422305177838,-0.005066328911405846
0.3666666666666666,0.0018665422305177838,-0.005066328911405846
0.3777777777777777,0.0018665422305177838,-0.005066328911405846
0.3888888888888889,0.0018665422305177838,-0.005066328911405846
0.4,0.0018665422305177838,0.008266115592293908
0.4111111111111111,0.0018665422305177838,0.008266115592293908
0.4222222222222222,0.0018665422305177838,0.021598560095993664
0.4333333333333333,0.0018665422305177838,0.008266115592293908
0.4444444444444444,0.0018665422305177838,0.021598560095993664
0.4555555555555555,0.0018665422305177838,0.021598560095993664
0.4666666666666667,0.0018665422305177838,0.021598560095993664
0.4777777777777778,0.0018665422305177838,0.021598560095993664
0.4888888888888889,0.0018665422305177838,0.008266115592293908
0.5,0.0018665422305177838,0.008266115592293908
0.5111111111111111,0.0018665422305177838,-0.005066328911405846
0.5222222222222223,0.0018665422305177838,-0.005066328911405846
0.5333333333333333,0.0018665422305177838,0.008266115592293908
0.5444444444444444,0.0018665422305177838,-0.005066328911405846
0.5555555555555556,0.0018665422305177838,-0.005066328911405846
0.5666666666666667,0.0018665422305177838,-0.005066328911405846
0.5777777777777777,0.0018665422305177838,0.008266115592293908
0.5888888888888889,0.015198986734217539,-0.005066328911405846
0.6,0.0018665422305177838,-0.005066328911405846
0.6111111111111112,0.0018665422305177838,-0.005066328911405846
0.6222222222222222,0.0018665422305177838,-0.005066328911405846
0.6333333333333333,0.0018665422305177838,-0.005066328911405846
0.6444444444444445,0.0018665422305177838,-0.005066328911405846
0.6555555555555556,0.0018665422305177838,-0.005066328911405846
0.6666666666666666,0.0018665422305177838,-0.005066328911405846
0.6777777777777778,0.0018665422305177838,-0.005066328911405846
0.6888888888888889,0.015198986734217539,-0.005066328911405846
0.7,0.0018665422305177838,-0.005066328911405846
0.7111111111111111,0.015198986734217539,-0.005066328911405846
0.7222222222222222,0.0018665422305177838,-0.005066328911405846
0.7333333333333333,0.0018665422305177838,-0.005066328911405846
0.7444444444444445,0.0018665422305177838,-0.005066328911405846
0.7555555555555555,0.015198986734217539,-0.005066328911405846
0.7666666666666667,0.0018665422305177838,-0.005066328911405846
0.7777777777777778,0.0018665422305177838,-0.005066328911405846
0.7888888888888889,0.015198986734217539,-0.005066328911405846
0.8,0.015198986734217539,-0.005066328911405846
0.8111111111111111,0.0018665422305177838,-0.005066328911405846
0.8222222222222222,0.015198986734217539,-0.005066328911405846
0.8333333333333334,0.0018665422305177838,-0.005066328911405846
0.8444444444444444,0.015198986734217539,-0.005066328911405846
0.8555555555555555,0.0018665422305177838,-0.005066328911405846
0.8666666666666667,0.0018665422305177838,0.008266115592293908
0.8777777777777778,0.015198986734217539,0.008266115592293908
0.8888888888888888,0.0018665422305177838,0.008266115592293908
0.9,0.015198986734217539,0.008266115592293908
0.9111111111111112,0.015198986734217539,0.008266115592293908
0.9222222222222224,0.0018665422305177838,0.008266115592293908
0.9333333333333332,0.015198986734217539,0.008266115592293908
0.9444444444444444,0.0018665422305177838,0.008266115592293908
0.9555555555555556,0.015198986734217539,0.021598560095993664
0.9666666666666668,0.0018665422305177838,0.008266115592293908
0.9777777777777776,0.015198986734217539,0.021598560095993664
0.9888888888888888,0.015198986734217539,0.021598560095993664
1.0,0.015198986734217539,0.021598560095993664
1.011111111111111,0.015198986734217539,0.021598560095993664
1.022222222222222,0.015198986734217539,0.021598560095993664
1.0333333333333334,0.0018665422305177838,0.021598560095993664
1.0444444444444445,0.015198986734217539,0.021598560095993664
1.0555555555555556,0.015198986734217539,0.021598560095993664
1.0666666666666669,0.015198986734217539,0.021598560095993664
1.0777777777777775,0.015198986734217539,-0.005066328911405846
1.0888888888888888,0.0018665422305177838,-0.005066328911405846
1.1,0.015198986734217539,-0.005066328911405846
1.1111111111111112,0.015198986734217539,-0.005066328911405846
1.1222222222222222,0.015198986734217539,-0.005066328911405846
1.1333333333333333,0.015198986734217539,-0.005066328911405846
1.1444444444444444,0.015198986734217539,-0.005066328911405846
1.1555555555555554,0.0018665422305177838,0.008266115592293908
1.1666666666666667,0.015198986734217539,0.008266115592293908
1.1777777777777778,0.015198986734217539,-0.005066328911405846
1.1888888888888889,0.0018665422305177838,0.008266115592293908
1.2,0.015198986734217539,0.008266115592293908
1.211111111111111,0.015198986734217539,-0.005066328911405846
1.2222222222222223,0.0018665422305177838,0.008266115592293908
1.2333333333333334,0.015198986734217539,0.008266115592293908
1.2444444444444445,0.0018665422305177838,0.008266115592293908
1.2555555555555555,0.015198986734217539,0.008266115592293908
1.2666666666666666,0.015198986734217539,0.008266115592293908
1.2777777777777777,0.0018665422305177838,0.021598560095993664
1.288888888888889,0.015198986734217539,0.008266115592293908
1.3,0.015198986734217539,0.008266115592293908
1.3111111111111111,0.015198986734217539,0.021598560095993664
1.3222222222222222,0.015198986734217539,0.008266115592293908
1.3333333333333333,0.015198986734217539,0.008266115592293908
1.3444444444444446,0.0018665422305177838,0.021598560095993664
1.3555555555555556,0.015198986734217539,0.008266115592293908
1.3666666666666667,0.015198986734217539,0.021598560095993664
1.3777777777777778,0.015198986734217539,0.021598560095993664
1.3888888888888888,0.015198986734217539,0.021598560095993664
1.4,0.015198986734217539,0.008266115592293908
1.4111111111111112,0.015198986734217539,0.021598560095993664
1.4222222222222225,0.015198986734217539,0.021598560095993664
1.4333333333333331,0.015198986734217539,0.021598560095993664
1.4444444444444444,0.015198986734217539,0.021598560095993664
1.4555555555555555,0.015198986734217539,0.021598560095993664
1.4666666666666666,0.015198986734217539,0.021598560095993664
1.477777777777778,0.015198986734217539,-0.005066328911405846
1.488888888888889,0.015198986734217539,-0.005066328911405846
1.5,0.015198986734217539,-0.005066328911405846
1.511111111111111,0.015198986734217539,0.008266115592293908
1.522222222222222,0.015198986734217539,0.008266115592293908
1.5333333333333334,0.015198986734217539,0.008266115592293908
1.5444444444444445,0.015198986734217539,0.021598560095993664
1.5555555555555556,0.015198986734217539,0.021598560095993664
1.5666666666666669,0.015198986734217539,0.021598560095993664
1.5777777777777775,0.015198986734217539,0.021598560095993664
1.5888888888888888,0.015198986734217539,0.021598560095993664
1.6,0.015198986734217539,0.021598560095993664
1.6111111111111112,0.015198986734217539,-0.005066328911405846
1.6222222222222222,0.015198986734217539,-0.005066328911405846
1.6333333333333333,0.015198986734217539,0.008266115592293908
1.6444444444444444,0.015198986734217539,0.008266115592293908
1.6555555555555554,0.015198986734217539,0.008266115592293908
1.6666666666666667,0.015198986734217539,0.021598560095993664
1.6777777777777778,0.015198986734217539,0.008266115592293908
1.6888888888888889,0.028531431237917293,0.021598560095993664
1.7,0.015198986734217539,0.021598560095993664
1.711111111111111,0.015198986734217539,0.021598560095993664
1.7222222222222223,0.015198986734217539,0.021598560095993664
1.7333333333333334,0.015198986734217539,0.021598560095993664
1.7444444444444445,0.015198986734217539,0.021598560095993664
1.7555555555555555,0.015198986734217539,0.021598560095993664
1.7666666666666666,0.015198986734217539,0.021598560095993664
1.7777777777777777,0.015198986734217539,-0.005066328911405846
1.788888888888889,0.015198986734217539,0.008266115592293908
1.8,0.015198986734217539,0.008266115592293908
1.8111111111111111,0.015198986734217539,0.008266115592293908
1.8222222222222224,0.028531431237917293,0.021598560095993664
1.8333333333333333,0.015198986734217539,0.021598560095993664
1.8444444444444448,0.015198986734217539,0.021598560095993664
1.855555555555556,0.015198986734217539,0.021598560095993664
1.8666666666666667,0.015198986734217539,0.021598560095993664
1.8777777777777775,0.015198986734217539,0.021598560095993664
1.8888888888888888,0.015198986734217539,0.021598560095993664
1.9,0.015198986734217539,-0.005066328911405846
1.9111111111111112,0.015198986734217539,-0.005066328911405846
1.9222222222222225,0.015198986734217539,-0.005066328911405846
1.9333333333333331,0.015198986734217539,0.008266115592293908
1.9444444444444444,0.015198986734217539,0.008266115592293908
1.9555555555555555,0.015198986734217539,0.008266115592293908
1.9666666666666663,0.015198986734217539,0.021598560095993664
1.9777777777777776,0.015198986734217539,0.021598560095993664
1.988888888888889,0.015198986734217539,0.021598560095993664
2.0,0.015198986734217539,0.021598560095993664
2.011111111111111,0.015198986734217539,0.021598560095993664
2.022222222222222,0.015198986734217539,0.021598560095993664
2.033333333333333,0.015198986734217539,0.021598560095993664
2.0444444444444443,0.015198986734217539,0.021598560095993664
2.055555555555556,0.015198986734217539,0.021598560095993664
2.066666666666667,0.015198986734217539,0.021598560095993664
2.077777777777778,0.015198986734217539,0.021598560095993664
2.088888888888889,0.015198986734217539,0.021598560095993664
2.1,0.015198986734217539,0.021598560095993664
2.111111111111111,0.015198986734217539,0.021598560095993664
2.1222222222222222,0.015198986734217539,0.008266115592293908
2.1333333333333333,0.015198986734217539,0.021598560095993664
2.1444444444444444,0.015198986734217539,0.021598560095993664
2.1555555555555554,0.028531431237917293,0.021598560095993664
2.1666666666666665,0.0018665422305177838,0.021598560095993664
2.1777777777777776,0.015198986734217539,0.021598560095993664
2.188888888888889,0.015198986734217539,0.021598560095993664
2.2,0.015198986734217539,-0.005066328911405846
2.2111111111111112,0.015198986734217539,-0.005066328911405846
2.2222222222222223,0.015198986734217539,-0.005066328911405846
2.2333333333333334,0.015198986734217539,0.008266115592293908
2.2444444444444445,0.028531431237917293,0.008266115592293908
2.2555555555555555,0.015198986734217539,0.008266115592293908
2.2666666666666666,0.015198986734217539,0.021598560095993664
2.2777777777777777,0.015198986734217539,0.021598560095993664
2.2888888888888888,0.015198986734217539,0.021598560095993664
2.3,0.015198986734217539,0.021598560095993664
2.311111111111111,0.015198986734217539,0.021598560095993664
2.3222222222222224,0.015198986734217539,0.021598560095993664
2.333333333333333,0.015198986734217539,-0.005066328911405846
2.344444444444445,0.015198986734217539,0.008266115592293908
2.355555555555556,0.028531431237917293,0.008266115592293908
2.3666666666666667,0.015198986734217539,0.008266115592293908
2.3777777777777778,0.015198986734217539,0.021598560095993664
2.388888888888889,0.015198986734217539,0.021598560095993664
2.4,0.015198986734217539,0.021598560095993664
2.411111111111111,0.015198986734217539,0.021598560095993664
2.422222222222222,0.015198986734217539,0.021598560095993664
2.433333333333333,0.028531431237917293,0.021598560095993664
2.4444444444444446,0.015198986734217539,0.021598560095993664
2.455555555555556,0.015198986734217539,0.008266115592293908
2.466666666666667,0.015198986734217539,0.021598560095993664
2.477777777777778,0.015198986734217539,0.021598560095993664
2.488888888888889,0.028531431237917293,0.021598560095993664
2.5,0.015198986734217539,0.021598560095993664
2.511111111111111,0.015198986734217539,0.021598560095993664
2.522222222222222,0.015198986734217539,0.021598560095993664
2.533333333333333,0.015198986734217539,-0.005066328911405846
2.5444444444444443,0.028531431237917293,0.008266115592293908
2.555555555555556,0.015198986734217539,0.008266115592293908
2.566666666666667,0.015198986734217539,0.008266115592293908
2.577777777777778,0.015198986734217539,0.021598560095993664
2.588888888888889,0.015198986734217539,0.021598560095993664
2.6,0.015198986734217539,0.021598560095993664
2.611111111111111,0.015198986734217539,0.021598560095993664
2.6222222222222222,0.015198986734217539,0.021598560095993664
2.6333333333333333,0.015198986734217539,0.021598560095993664
2.6444444444444444,0.028531431237917293,-0.005066328911405846
2.6555555555555554,0.015198986734217539,0.008266115592293908
2.6666666666666665,0.015198986734217539,0.008266115592293908
2.6777777777777776,0.015198986734217539,0.008266115592293908
2.688888888888889,0.015198986734217539,0.021598560095993664
2.7,0.028531431237917293,0.021598560095993664
2.7111111111111112,0.015198986734217539,0.021598560095993664
2.7222222222222223,0.015198986734217539,0.021598560095993664
2.7333333333333334,0.015198986734217539,0.021598560095993664
2.7444444444444445,0.015198986734217539,-0.005066328911405846
2.7555555555555555,0.028531431237917293,0.008266115592293908
2.7666666666666666,0.015198986734217539,0.008266115592293908
2.7777777777777777,0.015198986734217539,0.021598560095993664
2.7888888888888888,0.015198986734217539,0.021598560095993664
2.8,0.015198986734217539,0.021598560095993664
2.811111111111111,0.028531431237917293,0.021598560095993664
2.8222222222222224,0.015198986734217539,0.021598560095993664
2.833333333333333,0.015198986734217539,-0.005066328911405846
2.844444444444445,0.028531431237917293,-0.005066328911405846
2.855555555555556,0.028531431237917293,0.008266115592293908
2.8666666666666667,0.015198986734217539,0.008266115592293908
2.8777777777777778,0.015198986734217539,0.021598560095993664
2.888888888888889,0.015198986734217539,0.021598560095993664
2.9,0.015198986734217539,0.021598560095993664
2.911111111111111,0.028531431237917293,0.021598560095993664
2.922222222222222,0.015198986734217539,0.021598560095993664
2.933333333333333,0.028531431237917293,-0.005066328911405846
2.9444444444444446,0.015198986734217539,-0.005066328911405846
2.955555555555556,0.015198986734217539,0.008266115592293908
2.966666666666667,0.015198986734217539,0.008266115592293908
2.977777777777778,0.015198986734217539,0.021598560095993664
2.988888888888889,0.028531431237917293,0.021598560095993664
3.0,0.015198986734217539,0.021598560095993664
3.011111111111111,0.015198986734217539,0.021598560095993664
3.022222222222222,0.015198986734217539,0.021598560095993664
3.033333333333333,0.028531431237917293,-0.005066328911405846
3.0444444444444443,0.015198986734217539,0.008266115592293908
3.055555555555556,0.015198986734217539,0.008266115592293908
3.066666666666667,0.028531431237917293,0.008266115592293908
3.077777777777778,0.015198986734217539,0.021598560095993664
3.088888888888889,0.015198986734217539,0.021598560095993664
3.1,0.015198986734217539,0.021598560095993664
3.111111111111111,0.028531431237917293,0.021598560095993664
3.1222222222222222,0.015198986734217539,0.021598560095993664
3.1333333333333333,0.028531431237917293,-0.005066328911405846
3.1444444444444444,0.015198986734217539,0.008266115592293908
3.1555555555555554,0.015198986734217539,0.021598560095993664
3.1666666666666665,0.015198986734217539,0.021598560095993664
3.1777777777777776,0.028531431237917293,0.021598560095993664
3.188888888888889,0.015198986734217539,0.021598560095993664
3.2,0.015198986734217539,0.021598560095993664
3.2111111111111112,0.015198986734217539,-0.005066328911405846
3.2222222222222223,0.028531431237917293,0.008266115592293908
3.2333333333333334,0.015198986734217539,0.021598560095993664
3.2444444444444445,0.015198986734217539,0.021598560095993664
3.2555555555555555,0.028531431237917293,0.021598560095993664
3.2666666666666666,0.015198986734217539,0.021598560095993664
3.2777777777777777,0.028531431237917293,0.021598560095993664
3.2888888888888888,0.015198986734217539,-0.005066328911405846
3.3,0.015198986734217539,0.008266115592293908
3.311111111111111,0.015198986734217539,0.021598560095993664
3.3222222222222224,0.028531431237917293,0.021598560095993664
3.333333333333333,0.015198986734217539,0.021598560095993664
3.344444444444445,0.028531431237917293,0.021598560095993664
3.355555555555556,0.015198986734217539,0.021598560095993664
3.3666666666666667,0.015198986734217539,-0.005066328911405846
3.3777777777777778,0.015198986734217539,0.008266115592293908
3.388888888888889,0.028531431237917293,0.008266115592293908
3.4,0.015198986734217539,0.021598560095993664
3.411111111111111,0.015198986734217539,0.021598560095993664
3.422222222222222,0.028531431237917293,0.021598560095993664
3.433333333333333,0.015198986734217539,0.021598560095993664
3.4444444444444446,0.12185854276381557,0.07492833811079268
3.455555555555556,0.12185854276381557,0.07492833811079268
3.466666666666667,0.16185587627491482,0.11492567162189195
3.477777777777778,0.2551829878008131,0.18158789414039073
3.488888888888889,0.36184254383041115,0.23491767215518974
3.5,0.3751749883341109,0.2482501166588895
3.511111111111111,0.38850743283781064,0.26158256116258927
3.522222222222222,0.4685020998600092,0.31491233917738826
3.533333333333333,0.5618292113859075,0.38157456169588705
3.5444444444444443,0.7084861009266048,0.4882341177254851
3.555555555555556,0.8951403239784014,0.5948936737550831
3.566666666666667,1.0151323245116992,0.6748883407772817
3.577777777777778,1.1484567695486967,0.7815478968068796
3.588888888888889,1.2017865475634957,0.8215452303179789
3.6,1.2551163255782947,0.8348776748216786
3.611111111111111,1.3217785480967934,0.874875008332778
3.6222222222222222,1.4284381041263916,0.9415372308512767
3.633333333333333,1.5350976601559896,1.0215318978734753
3.644444444444445,1.5884274381707886,1.034864342377175
3.655555555555555,1.6284247716818878,1.088194120391974
3.6666666666666665,1.6417572161855876,1.1015265648956738
3.6777777777777776,1.6284247716818878,1.088194120391974
3.688888888888889,1.5750949936670888,1.0748616758882743
3.7,1.5884274381707886,1.0748616758882743
3.7111111111111112,1.6017598826744883,1.088194120391974
3.7222222222222223,1.615092327178188,1.088194120391974
3.733333333333333,1.6284247716818878,1.1148590093993735
3.744444444444445,1.6284247716818878,1.1148590093993735
3.755555555555556,1.6284247716818878,1.1015265648956738
3.7666666666666666,1.5884274381707886,1.0615292313845746
3.7777777777777777,1.615092327178188,1.0748616758882743
3.7888888888888888,1.615092327178188,1.0748616758882743
3.8,1.5750949936670888,1.0748616758882743
3.811111111111111,1.5217652156522898,1.034864342377175
3.8222222222222224,1.5350976601559896,1.0481967868808748
3.8333333333333335,1.50843277114859,1.034864342377175
3.844444444444445,1.561762549163389,1.0615292313845746
3.855555555555556,1.5217652156522898,1.034864342377175
3.8666666666666663,1.4684354376374908,1.0215318978734753
3.888888888888889,1.6284247716818878,-4.244783681087927
3.9,1.6284247716818878,-4.244783681087927
3.911111111111111,1.615092327178188,-4.231451236584228
3.922222222222222,1.6284247716818878,-4.164789014065729
3.933333333333333,1.615092327178188,-4.031464569028731
3.9444444444444446,1.6284247716818878,-4.044797013532431
3.955555555555556,1.615092327178188,-4.044797013532431
3.966666666666667,1.6417572161855876,-4.044797013532431
3.977777777777778,1.6284247716818878,-4.058129458036131
3.988888888888889,1.6284247716818878,-4.058129458036131
4.0,1.6284247716818878,-4.071461902539831
4.011111111111111,1.6284247716818878,-4.071461902539831
4.022222222222222,1.6284247716818878,-4.071461902539831
4.033333333333333,1.6284247716818878,-4.071461902539831
4.044444444444444,1.6417572161855876,-4.071461902539831
4.055555555555555,1.6417572161855876,-4.071461902539831
4.066666666666666,1.6417572161855876,-4.071461902539831
4.0777777777777775,1.6284247716818878,-4.071461902539831
4.088888888888889,1.6417572161855876,-4.071461902539831
4.1,1.6417572161855876,-4.058129458036131
4.111111111111111,1.6417572161855876,-4.071461902539831
4.122222222222222,1.6417572161855876,-4.071461902539831
4.133333333333334,1.6417572161855876,-4.058129458036131
4.144444444444445,1.6550896606892873,-4.058129458036131
4.155555555555556,1.6417572161855876,-4.071461902539831
4.166666666666667,1.6417572161855876,-4.058129458036131
4.177777777777778,1.6417572161855876,-4.058129458036131
4.188888888888889,1.6417572161855876,-4.071461902539831
4.2,1.6417572161855876,-4.071461902539831
4.211111111111111,1.6417572161855876,-4.071461902539831
4.222222222222222,1.6550896606892873,-4.071461902539831
4.233333333333333,1.6284247716818878,-4.071461902539831
4.2444444444444445,1.6284247716818878,-4.058129458036131
4.255555555555556,1.6417572161855876,-4.058129458036131
4.266666666666667,1.6417572161855876,-4.058129458036131
4.277777777777778,1.6417572161855876,-4.058129458036131
4.288888888888889,1.6550896606892873,-4.071461902539831
4.3,1.6550896606892873,-4.071461902539831
4.311111111111111,1.6550896606892873,-4.071461902539831
4.322222222222222,1.6550896606892873,-4.058129458036131
4.333333333333333,1.6550896606892873,-4.058129458036131
4.344444444444444,1.6417572161855876,-4.058129458036131
4.355555555555555,1.6417572161855876,-4.058129458036131
4.366666666666666,1.668422105192987,-4.058129458036131
4.377777777777778,1.668422105192987,-4.058129458036131
4.388888888888889,1.668422105192987,-4.058129458036131
4.4,1.6417572161855876,-4.058129458036131
4.411111111111111,1.6550896606892873,-4.044797013532431
4.422222222222223,1.6550896606892873,-4.044797013532431
4.433333333333334,1.6550896606892873,-4.058129458036131
4.444444444444445,1.668422105192987,-4.058129458036131
4.455555555555556,1.6550896606892873,-4.058129458036131
4.466666666666667,1.668422105192987,-4.044797013532431
4.477777777777778,1.668422105192987,-4.044797013532431
4.488888888888889,1.668422105192987,-4.044797013532431
4.5,1.6550896606892873,-4.058129458036131
4.511111111111111,1.668422105192987,-4.058129458036131
4.522222222222222,1.668422105192987,-4.058129458036131
4.533333333333333,1.668422105192987,-4.058129458036131
4.544444444444444,1.6550896606892873,-4.058129458036131
4.555555555555555,1.6417572161855876,-4.058129458036131
4.566666666666666,1.6550896606892873,-4.044797013532431
4.5777777777777775,1.6550896606892873,-4.044797013532431
4.588888888888889,1.6550896606892873,-4.058129458036131
4.6,1.6550896606892873,-4.044797013532431
4.611111111111111,1.6417572161855876,-4.044797013532431
4.622222222222222,1.6417572161855876,-4.044797013532431
4.633333333333334,1.6417572161855876,-4.044797013532431
4.644444444444445,1.6550896606892873,-4.044797013532431
4.655555555555556,1.668422105192987,-4.044797013532431
4.666666666666667,1.6417572161855876,-4.058129458036131
4.677777777777778,1.6417572161855876,-4.044797013532431
4.688888888888889,1.6550896606892873,-4.044797013532431
4.7,1.6550896606892873,-4.044797013532431
4.711111111111111,1.6550896606892873,-4.044797013532431
4.722222222222222,1.668422105192987,-4.058129458036131
4.733333333333333,1.6550896606892873,-4.044797013532431
4.7444444444444445,1.6550896606892873,-4.044797013532431
4.755555555555556,1.668422105192987,-4.071461902539831
4.766666666666667,1.668422105192987,-4.058129458036131
4.777777777777778,1.6550896606892873,-4.058129458036131
4.788888888888889,1.6550896606892873,-4.071461902539831
4.8,1.6550896606892873,-4.058129458036131
4.811111111111111,1.668422105192987,-4.058129458036131
4.822222222222222,1.668422105192987,-4.058129458036131
4.833333333333333,1.668422105192987,-4.058129458036131
4.844444444444444,1.668422105192987,-4.071461902539831
4.855555555555555,1.668422105192987,-4.071461902539831
4.866666666666666,1.668422105192987,-4.058129458036131
4.877777777777778,1.668422105192987,-4.044797013532431
4.888888888888889,1.668422105192987,-4.044797013532431
4.9,1.668422105192987,-4.058129458036131
4.911111111111111,1.668422105192987,-4.058129458036131
4.922222222222223,1.668422105192987,-4.058129458036131
4.933333333333334,1.668422105192987,-4.058129458036131
4.944444444444445,1.668422105192987,-4.044797013532431
4.955555555555556,1.668422105192987,-4.044797013532431
4.966666666666667,1.668422105192987,-4.044797013532431
4.977777777777778,1.668422105192987,-4.044797013532431
4.988888888888889,1.668422105192987,-4.058129458036131
5.0,1.668422105192987,-4.058129458036131
5.011111111111111,1.668422105192987,-4.058129458036131
5.022222222222222,1.6550896606892873,-4.058129458036131
5.033333333333333,1.6817545496966868,-4.058129458036131
5.044444444444444,1.668422105192987,-4.058129458036131
5.055555555555555,1.6550896606892873,-4.071461902539831
5.066666666666666,1.6550896606892873,-4.071461902539831
5.0777777777777775,1.6550896606892873,-4.058129458036131
5.088888888888889,1.6550896606892873,-4.058129458036131
5.1,1.668422105192987,-4.058129458036131
5.111111111111111,1.668422105192987,-4.058129458036131
5.122222222222222,1.668422105192987,-4.071461902539831
5.133333333333334,1.6817545496966868,-4.058129458036131
5.144444444444445,1.668422105192987,-4.044797013532431
5.155555555555556,1.668422105192987,-4.058129458036131
5.166666666666667,1.6817545496966868,-4.058129458036131
5.177777777777778,1.6817545496966868,-4.044797013532431
5.188888888888889,1.668422105192987,-4.044797013532431
5.2,1.668422105192987,-4.031464569028731
5.211111111111111,1.6817545496966868,-4.044797013532431
5.222222222222222,1.6817545496966868,-4.044797013532431
5.233333333333333,1.668422105192987,-4.044797013532431
5.2444444444444445,1.6817545496966868,-4.044797013532431
5.255555555555556,1.6550896606892873,-4.031464569028731
5.266666666666667,1.668422105192987,-4.031464569028731
5.277777777777778,1.668422105192987,-4.044797013532431
5.288888888888889,1.668422105192987,-4.044797013532431
5.3,1.668422105192987,-4.044797013532431
5.311111111111111,1.668422105192987,-4.044797013532431
5.322222222222222,1.668422105192987,-4.031464569028731
5.333333333333333,1.6550896606892873,-4.044797013532431
5.344444444444444,1.668422105192987,-4.044797013532431
5.355555555555555,1.668422105192987,-4.044797013532431
5.366666666666666,1.668422105192987,-4.031464569028731
5.377777777777778,1.668422105192987,-4.031464569028731
5.388888888888889,1.668422105192987,-4.044797013532431
5.4,1.668422105192987,-4.044797013532431
5.411111111111111,1.668422105192987,-4.044797013532431
5.422222222222223,1.6817545496966868,-4.058129458036131
5.433333333333334,1.668422105192987,-4.058129458036131
5.444444444444445,1.6817545496966868,-4.044797013532431
5.455555555555556,1.6817545496966868,-4.044797013532431
5.466666666666667,1.6817545496966868,-4.044797013532431
5.477777777777778,1.6817545496966868,-4.044797013532431
5.488888888888889,1.6817545496966868,-4.044797013532431
5.5,1.6817545496966868,-4.044797013532431
5.511111111111111,1.6950869942003866,-4.058129458036131
5.522222222222222,1.6950869942003866,-4.044797013532431
5.533333333333333,1.6817545496966868,-4.044797013532431
5.544444444444444,1.6817545496966868,-4.044797013532431
5.555555555555555,1.668422105192987,-4.031464569028731
5.566666666666666,1.6817545496966868,-4.044797013532431
5.5777777777777775,1.6817545496966868,-4.044797013532431
5.588888888888889,1.6817545496966868,-4.044797013532431
5.6,1.6817545496966868,-4.044797013532431
5.611111111111111,1.668422105192987,-4.044797013532431
5.622222222222222,1.668422105192987,-4.044797013532431
5.633333333333334,1.6817545496966868,-4.044797013532431
5.644444444444445,1.6950869942003866,-4.044797013532431
5.655555555555556,1.6817545496966868,-4.044797013532431
5.666666666666667,1.6950869942003866,-4.044797013532431
5.677777777777778,1.6817545496966868,-4.044797013532431
5.688888888888889,1.6817545496966868,-4.044797013532431
5.7,1.668422105192987,-4.058129458036131
5.711111111111111,1.668422105192987,-4.044797013532431
5.722222222222222,1.6817545496966868,-4.044797013532431
5.733333333333333,1.6817545496966868,-4.044797013532431
5.7444444444444445,1.6817545496966868,-4.058129458036131
5.755555555555556,1.6817545496966868,-4.044797013532431
5.766666666666667,1.6817545496966868,-4.044797013532431
5.777777777777778,1.6817545496966868,-4.044797013532431
5.788888888888889,1.668422105192987,-4.044797013532431
5.8,1.668422105192987,-4.031464569028731
5.811111111111111,1.6817545496966868,-4.031464569028731
5.822222222222222,1.6817545496966868,-4.018132124525032
5.833333333333333,1.6950869942003866,-4.031464569028731
5.844444444444444,1.6817545496966868,-4.031464569028731
5.855555555555555,1.6817545496966868,-4.018132124525032
5.866666666666666,1.6950869942003866,-4.031464569028731
5.877777777777778,1.6817545496966868,-4.031464569028731
5.888888888888889,1.6817545496966868,-4.031464569028731
5.9,1.6817545496966868,-4.018132124525032
5.911111111111111,1.6817545496966868,-4.031464569028731
5.922222222222223,1.6817545496966868,-4.031464569028731
5.933333333333334,1.668422105192987,-4.031464569028731
5.944444444444445,1.6817545496966868,-4.018132124525032
5.955555555555556,1.6817545496966868,-4.018132124525032
5.966666666666667,1.6817545496966868,-4.031464569028731
5.977777777777778,1.6817545496966868,-4.031464569028731
5.988888888888889,1.6817545496966868,-4.031464569028731
6.0,1.6817545496966868,-4.018132124525032
6.011111111111111,1.6817545496966868,-4.018132124525032
6.022222222222222,1.6950869942003866,-4.031464569028731
6.033333333333333,1.6817545496966868,-4.031464569028731
6.044444444444444,1.6950869942003866,-4.031464569028731
6.055555555555555,1.6817545496966868,-4.018132124525032
6.066666666666666,1.6817545496966868,-4.018132124525032
6.0777777777777775,1.6817545496966868,-4.018132124525032
6.088888888888889,1.668422105192987,-4.018132124525032
6.1,1.6817545496966868,-4.004799680021332
6.111111111111111,1.668422105192987,-4.018132124525032
6.122222222222222,1.6817545496966868,-4.018132124525032
6.133333333333334,1.6817545496966868,-4.018132124525032
6.144444444444445,1.668422105192987,-4.018132124525032
6.155555555555556,1.6817545496966868,-4.018132124525032
6.166666666666667,1.6950869942003866,-4.018132124525032
6.177777777777778,1.6950869942003866,-4.018132124525032
6.188888888888889,1.6817545496966868,-4.018132124525032
6.2,1.6817545496966868,-4.018132124525032
6.211111111111111,1.6817545496966868,-4.018132124525032
6.222222222222222,1.6817545496966868,-4.031464569028731
6.233333333333333,1.6950869942003866,-4.044797013532431
6.2444444444444445,1.6817545496966868,-4.031464569028731
6.255555555555556,1.6817545496966868,-4.018132124525032
6.266666666666667,1.6817545496966868,-4.031464569028731
6.277777777777778,1.6817545496966868,-4.031464569028731
6.288888888888889,1.6950869942003866,-4.031464569028731
6.3,1.6950869942003866,-4.031464569028731
6.311111111111111,1.6950869942003866,-4.018132124525032
6.322222222222222,1.6950869942003866,-4.044797013532431
6.333333333333333,1.6950869942003866,-4.044797013532431
6.344444444444444,1.7084194387040863,-4.058129458036131
6.355555555555555,1.7084194387040863,-4.044797013532431
6.366666666666666,1.6950869942003866,-4.044797013532431
6.377777777777778,1.6950869942003866,-4.031464569028731
6.388888888888889,1.6950869942003866,-4.031464569028731
6.4,1.7084194387040863,-4.031464569028731
6.411111111111111,1.7084194387040863,-4.031464569028731
6.422222222222223,1.7084194387040863,-4.031464569028731
6.433333333333334,1.7084194387040863,-4.031464569028731
6.444444444444445,1.7084194387040863,-4.031464569028731
6.455555555555556,1.7084194387040863,-4.031464569028731
6.466666666666667,1.6950869942003866,-4.031464569028731
6.477777777777778,1.6950869942003866,-4.044797013532431
6.488888888888889,1.7084194387040863,-4.044797013532431
6.5,1.6950869942003866,-4.044797013532431
6.511111111111111,1.6950869942003866,-4.031464569028731
6.522222222222222,1.6950869942003866,-4.044797013532431
6.533333333333333,1.7084194387040863,-4.044797013532431
6.544444444444444,1.6950869942003866,-4.031464569028731
6.555555555555555,1.6950869942003866,-4.058129458036131
6.566666666666666,1.6950869942003866,-4.044797013532431
6.5777777777777775,1.7084194387040863,-4.044797013532431
6.588888888888889,1.7084194387040863,-4.044797013532431
6.6,1.6950869942003866,-4.044797013532431
6.611111111111111,1.7084194387040863,-4.058129458036131
6.622222222222222,1.6950869942003866,-4.058129458036131
6.633333333333334,1.7084194387040863,-4.044797013532431
6.644444444444445,1.7084194387040863,-4.058129458036131
6.655555555555556,1.7084194387040863,-4.044797013532431
6.666666666666667,1.6950869942003866,-4.044797013532431
6.677777777777778,1.6950869942003866,-4.031464569028731
6.688888888888889,1.6950869942003866,-4.031464569028731
6.7,1.7084194387040863,-4.031464569028731
6.711111111111111,1.7084194387040863,-4.031464569028731
6.722222222222222,1.7084194387040863,-4.031464569028731
6.733333333333333,1.7084194387040863,-4.018132124525032
6.7444444444444445,1.7084194387040863,-4.018132124525032
6.755555555555556,1.721751883207786,-4.018132124525032
6.766666666666667,1.721751883207786,-4.018132124525032
6.777777777777778,1.7084194387040863,-4.018132124525032
6.788888888888889,1.7084194387040863,-4.018132124525032
6.8,1.721751883207786,-4.031464569028731
6.811111111111111,1.721751883207786,-4.031464569028731
6.822222222222222,1.721751883207786,-4.018132124525032
6.833333333333333,1.7084194387040863,-4.018132124525032
6.844444444444444,1.721751883207786,-4.031464569028731
6.855555555555555,1.7084194387040863,-4.031464569028731
6.866666666666666,1.7084194387040863,-4.018132124525032
6.877777777777778,1.7084194387040863,-4.018132124525032
6.888888888888889,1.7084194387040863,-4.018132124525032
6.9,1.7084194387040863,-4.004799680021332
6.911111111111111,1.7084194387040863,-4.004799680021332
6.922222222222223,1.7084194387040863,-4.004799680021332
6.933333333333334,1.7084194387040863,-4.004799680021332
6.944444444444445,1.7084194387040863,-4.018132124525032
6.955555555555556,1.7084194387040863,-4.018132124525032
6.966666666666667,1.7084194387040863,-4.018132124525032
6.977777777777778,1.7084194387040863,-4.018132124525032
6.988888888888889,1.7084194387040863,-4.031464569028731
7.0,1.7084194387040863,-4.031464569028731
7.011111111111111,1.7084194387040863,-4.018132124525032
7.022222222222222,1.7084194387040863,-4.018132124525032
7.033333333333333,1.721751883207786,-4.018132124525032
7.044444444444444,1.6950869942003866,-4.031464569028731
7.055555555555555,1.6950869942003866,-4.031464569028731
7.066666666666666,1.721751883207786,-4.031464569028731
7.0777777777777775,1.721751883207786,-4.031464569028731
7.088888888888889,1.7084194387040863,-4.018132124525032
7.1,1.7084194387040863,-4.018132124525032
7.111111111111111,1.7084194387040863,-4.031464569028731
7.122222222222222,1.721751883207786,-4.044797013532431
7.133333333333334,1.7350843277114858,-4.044797013532431
7.144444444444445,1.721751883207786,-4.044797013532431
7.155555555555556,1.721751883207786,-4.031464569028731
7.166666666666667,1.721751883207786,-4.018132124525032
7.177777777777778,1.721751883207786,-4.044797013532431
7.188888888888889,1.721751883207786,-4.031464569028731
7.2,1.721751883207786,-4.018132124525032
7.211111111111111,1.7350843277114858,-4.018132124525032
7.222222222222222,1.721751883207786,-4.031464569028731
7.233333333333333,1.721751883207786,-4.031464569028731
7.2444444444444445,1.721751883207786,-4.018132124525032
7.2555555555555555,1.721751883207786,-4.031464569028731
7.266666666666667,1.7350843277114858,-4.031464569028731
7.277777777777778,1.7350843277114858,-4.018132124525032
7.288888888888889,1.7350843277114858,-4.018132124525032
7.3,1.721751883207786,-4.018132124525032
7.311111111111111,1.721751883207786,-4.018132124525032
7.322222222222222,1.7350843277114858,-4.018132124525032
7.333333333333333,1.721751883207786,-4.018132124525032
7.344444444444444,1.7084194387040863,-4.031464569028731
7.355555555555555,1.7084194387040863,-4.031464569028731
7.366666666666666,1.721751883207786,-4.018132124525032
7.377777777777778,1.7084194387040863,-4.018132124525032
7.388888888888889,1.7084194387040863,-4.031464569028731
7.4,1.721751883207786,-4.018132124525032
7.411111111111111,1.7084194387040863,-4.018132124525032
7.4222222222222225,1.7084194387040863,-4.018132124525032
7.433333333333334,1.721751883207786,-4.018132124525032
7.444444444444445,1.721751883207786,-4.018132124525032
7.455555555555556,1.7084194387040863,-4.031464569028731
7.466666666666667,1.7084194387040863,-4.018132124525032
7.477777777777778,1.721751883207786,-4.031464569028731
7.488888888888889,1.7084194387040863,-4.018132124525032
7.5,1.7084194387040863,-4.031464569028731
7.511111111111111,1.721751883207786,-4.018132124525032
7.522222222222222,1.7084194387040863,-4.018132124525032
7.533333333333333,1.7084194387040863,-4.018132124525032
7.544444444444444,1.7084194387040863,-4.018132124525032
7.555555555555555,1.721751883207786,-4.018132124525032
7.566666666666666,1.721751883207786,-4.018132124525032
7.5777777777777775,1.721751883207786,-4.018132124525032
7.588888888888889,1.721751883207786,-4.018132124525032
7.6,1.721751883207786,-4.018132124525032
7.611111111111111,1.721751883207786,-4.018132124525032
7.622222222222222,1.7084194387040863,-4.018132124525032
7.633333333333334,1.721751883207786,-4.018132124525032
7.644444444444445,1.721751883207786,-4.004799680021332
7.655555555555556,1.7084194387040863,-4.004799680021332
7.666666666666667,1.7084194387040863,-4.004799680021332
7.677777777777778,1.721751883207786,-4.018132124525032
7.688888888888889,1.721751883207786,-4.018132124525032
7.7,1.721751883207786,-4.018132124525032
7.711111111111111,1.721751883207786,-4.018132124525032
7.722222222222222,1.721751883207786,-4.004799680021332
7.733333333333333,1.721751883207786,-4.004799680021332
7.7444444444444445,1.721751883207786,-4.004799680021332
7.7555555555555555,1.7084194387040863,-4.004799680021332
7.766666666666667,1.7084194387040863,-4.004799680021332
7.777777777777778,1.721751883207786,-4.004799680021332
7.788888888888889,1.7350843277114858,-4.004799680021332
7.8,1.7350843277114858,-4.004799680021332
7.811111111111111,1.721751883207786,-4.018132124525032
7.822222222222222,1.721751883207786,-4.018132124525032
7.833333333333333,1.721751883207786,-4.018132124525032
7.844444444444444,1.7084194387040863,-4.031464569028731
7.855555555555555,1.7084194387040863,-4.018132124525032
7.866666666666666,1.721751883207786,-4.031464569028731
7.877777777777778,1.7084194387040863,-4.018132124525032
7.888888888888889,1.721751883207786,-4.018132124525032
7.9,1.7084194387040863,-4.018132124525032
7.911111111111111,1.7084194387040863,-4.004799680021332
7.9222222222222225,1.721751883207786,-4.018132124525032
7.933333333333334,1.721751883207786,-4.018132124525032
7.944444444444445,1.721751883207786,-4.004799680021332
7.955555555555556,1.7350843277114858,-4.031464569028731
7.966666666666667,1.721751883207786,-4.018132124525032
7.977777777777778,1.721751883207786,-4.031464569028731
7.988888888888889,1.7084194387040863,-4.031464569028731
8.0,1.7084194387040863,-4.031464569028731
8.011111111111111,1.721751883207786,-4.031464569028731
8.022222222222222,1.7084194387040863,-4.018132124525032
8.033333333333333,1.7084194387040863,-4.031464569028731
8.044444444444444,1.721751883207786,-4.031464569028731
8.055555555555555,1.721751883207786,-4.031464569028731
8.066666666666666,1.721751883207786,-4.031464569028731
8.077777777777778,1.721751883207786,-4.031464569028731
8.088888888888889,1.721751883207786,-4.031464569028731
8.1,1.721751883207786,-4.031464569028731
8.11111111111111,1.7084194387040863,-4.031464569028731
8.122222222222222,1.721751883207786,-4.031464569028731
8.133333333333333,1.721751883207786,-4.031464569028731
8.144444444444444,1.721751883207786,-4.044797013532431
8.155555555555555,1.721751883207786,-4.031464569028731
8.166666666666666,1.7350843277114858,-4.031464569028731
8.177777777777777,1.7350843277114858,-4.018132124525032
8.188888888888888,1.7350843277114858,-4.031464569028731
8.2,1.7350843277114858,-4.031464569028731
8.21111111111111,1.7350843277114858,-4.018132124525032
8.222222222222221,1.7350843277114858,-4.031464569028731
8.233333333333333,1.721751883207786,-4.018132124525032
8.244444444444444,1.721751883207786,-4.018132124525032
8.255555555555556,1.721751883207786,-4.018132124525032
8.266666666666667,1.721751883207786,-4.018132124525032
8.277777777777779,1.721751883207786,-4.018132124525032
8.28888888888889,1.7350843277114858,-4.018132124525032
8.3,1.7350843277114858,-4.018132124525032
8.311111111111112,1.7350843277114858,-4.018132124525032
8.322222222222223,1.721751883207786,-4.018132124525032
8.333333333333334,1.721751883207786,-4.018132124525032
8.344444444444445,1.7350843277114858,-4.004799680021332
8.355555555555556,1.721751883207786,-4.004799680021332
8.366666666666667,1.721751883207786,-4.018132124525032
8.377777777777778,1.721751883207786,-4.018132124525032
8.38888888888889,1.721751883207786,-4.018132124525032
8.4,1.7350843277114858,-4.031464569028731
8.411111111111111,1.7350843277114858,-4.031464569028731
8.422222222222222,1.7484167722151855,-4.031464569028731
8.433333333333334,1.7350843277114858,-4.018132124525032
8.444444444444445,1.7484167722151855,-4.018132124525032
8.455555555555556,1.7350843277114858,-4.018132124525032
8.466666666666667,1.7350843277114858,-4.018132124525032
8.477777777777778,1.7350843277114858,-4.031464569028731
8.488888888888889,1.7350843277114858,-4.018132124525032
8.5,1.7350843277114858,-4.018132124525032
8.511111111111111,1.7350843277114858,-4.018132124525032
8.522222222222222,1.7350843277114858,-4.031464569028731
8.533333333333333,1.7350843277114858,-4.018132124525032
8.544444444444444,1.7484167722151855,-4.031464569028731
8.555555555555555,1.7350843277114858,-4.018132124525032
8.566666666666666,1.7484167722151855,-4.018132124525032
8.577777777777778,1.7350843277114858,-4.018132124525032
8.588888888888889,1.7350843277114858,-4.018132124525032
8.6,1.7350843277114858,-4.004799680021332
8.61111111111111,1.7350843277114858,-4.004799680021332
8.622222222222222,1.7350843277114858,-4.004799680021332
8.633333333333333,1.7350843277114858,-3.9914672355176326
8.644444444444444,1.7350843277114858,-3.9914672355176326
8.655555555555555,1.7350843277114858,-4.004799680021332
8.666666666666666,1.721751883207786,-4.004799680021332
8.677777777777777,1.721751883207786,-4.004799680021332
8.688888888888888,1.721751883207786,-4.004799680021332
8.7,1.721751883207786,-4.004799680021332
8.71111111111111,1.7350843277114858,-4.004799680021332
8.722222222222221,1.7350843277114858,-4.004799680021332
8.733333333333333,1.7484167722151855,-4.004799680021332
8.744444444444444,1.7484167722151855,-4.004799680021332
8.755555555555556,1.7350843277114858,-4.004799680021332
8.766666666666667,1.7350843277114858,-4.018132124525032
8.777777777777779,1.7350843277114858,-4.018132124525032
8.78888888888889,1.7350843277114858,-4.018132124525032
8.8,1.7484167722151855,-4.031464569028731
8.811111111111112,1.721751883207786,-4.018132124525032
8.822222222222223,1.7484167722151855,-4.018132124525032
8.833333333333334,1.7350843277114858,-4.018132124525032
8.844444444444445,1.7350843277114858,-4.018132124525032
8.855555555555556,1.7350843277114858,-4.018132124525032
8.866666666666667,1.7350843277114858,-4.018132124525032
8.877777777777778,1.7484167722151855,-4.031464569028731
8.88888888888889,1.7484167722151855,-4.031464569028731
8.9,1.7350843277114858,-4.031464569028731
8.911111111111111,1.7484167722151855,-4.044797013532431
8.922222222222222,1.7350843277114858,-4.031464569028731
8.933333333333334,1.7484167722151855,-4.018132124525032
8.944444444444445,1.7350843277114858,-4.031464569028731
8.955555555555556,1.7350843277114858,-4.031464569028731
8.966666666666667,1.7350843277114858,-4.031464569028731
8.977777777777778,1.7350843277114858,-4.031464569028731
8.988888888888889,1.7350843277114858,-4.031464569028731
9.0,1.7350843277114858,-4.031464569028731
9.011111111111113,1.7350843277114858,-4.044797013532431
9.022222222222222,1.7350843277114858,-4.031464569028731
9.033333333333331,1.7350843277114858,-4.031464569028731
9.044444444444444,1.7484167722151855,-4.031464569028731
9.055555555555555,1.7350843277114858,-4.031464569028731
9.066666666666666,1.7350843277114858,-4.031464569028731
9.077777777777778,1.7484167722151855,-4.031464569028731
9.088888888888889,1.7350843277114858,-4.031464569028731
9.1,1.7350843277114858,-4.018132124525032
9.11111111111111,1.7350843277114858,-4.031464569028731
9.122222222222222,1.721751883207786,-4.044797013532431
9.133333333333333,1.7350843277114858,-4.031464569028731
9.144444444444444,1.7350843277114858,-4.031464569028731
9.155555555555557,1.7350843277114858,-4.031464569028731
9.166666666666666,1.7484167722151855,-4.031464569028731
9.177777777777775,1.7350843277114858,-4.031464569028731
9.188888888888888,1.7350843277114858,-4.031464569028731
9.2,1.7350843277114858,-4.031464569028731
9.21111111111111,1.7350843277114858,-4.031464569028731
9.22222222222222,1.7350843277114858,-4.031464569028731
9.233333333333333,1.7484167722151855,-4.044797013532431
9.244444444444444,1.7350843277114858,-4.031464569028731
9.255555555555556,1.7350843277114858,-4.044797013532431
9.266666666666667,1.7484167722151855,-4.044797013532431
9.27777777777778,1.7484167722151855,-4.044797013532431
9.28888888888889,1.7350843277114858,-4.044797013532431
9.3,1.7350843277114858,-4.031464569028731
9.311111111111112,1.7350843277114858,-4.044797013532431
9.322222222222225,1.7484167722151855,-4.044797013532431
9.333333333333334,1.7484167722151855,-4.044797013532431
9.344444444444443,1.7484167722151855,-4.031464569028731
9.355555555555556,1.7484167722151855,-4.044797013532431
9.366666666666667,1.7484167722151855,-4.058129458036131
9.377777777777778,1.7484167722151855,-4.044797013532431
9.38888888888889,1.7484167722151855,-4.031464569028731
9.4,1.7617492167188853,-4.031464569028731
9.411111111111111,1.7617492167188853,-4.044797013532431
9.422222222222222,1.7617492167188853,-4.044797013532431
9.433333333333334,1.7617492167188853,-4.044797013532431
9.444444444444445,1.7350843277114858,-4.044797013532431
9.455555555555556,1.7484167722151855,-4.044797013532431
9.466666666666669,1.7484167722151855,-4.044797013532431
9.477777777777778,1.7484167722151855,-4.031464569028731
9.488888888888887,1.7484167722151855,-4.031464569028731
9.5,1.7484167722151855,-4.044797013532431
9.511111111111113,1.7484167722151855,-4.044797013532431
9.522222222222222,1.7484167722151855,-4.044797013532431
9.533333333333331,1.7484167722151855,-4.031464569028731
9.544444444444444,1.7484167722151855,-4.031464569028731
9.555555555555555,1.7484167722151855,-4.031464569028731
9.566666666666666,1.7484167722151855,-4.044797013532431
9.577777777777778,1.7350843277114858,-4.044797013532431
9.588888888888889,1.7484167722151855,-4.044797013532431
9.6,1.7484167722151855,-4.031464569028731
9.61111111111111,1.7484167722151855,-4.044797013532431
9.622222222222222,1.7484167722151855,-4.031464569028731
9.633333333333333,1.7350843277114858,-4.044797013532431
9.644444444444444,1.7350843277114858,-4.044797013532431
9.655555555555557,1.7484167722151855,-4.044797013532431
9.666666666666666,1.7484167722151855,-4.031464569028731
9.677777777777775,1.7484167722151855,-4.018132124525032
9.688888888888888,1.7484167722151855,-4.031464569028731
9.7,1.7484167722151855,-4.031464569028731
9.71111111111111,1.7484167722151855,-4.031464569028731
9.72222222222222,1.7484167722151855,-4.031464569028731
9.733333333333333,1.7484167722151855,-4.031464569028731
9.744444444444444,1.7617492167188853,-4.031464569028731
9.755555555555556,1.7350843277114858,-4.031464569028731
9.766666666666667,1.7484167722151855,-4.031464569028731
9.77777777777778,1.7484167722151855,-4.031464569028731
9.78888888888889,1.7484167722151855,-4.031464569028731
9.8,1.7484167722151855,-4.044797013532431
9.811111111111112,1.7484167722151855,-4.044797013532431
9.822222222222225,1.7484167722151855,-4.044797013532431
9.833333333333334,1.7484167722151855,-4.031464569028731
9.844444444444443,1.7484167722151855,-4.031464569028731
9.855555555555556,1.7484167722151855,-4.031464569028731
9.866666666666667,1.7484167722151855,-4.044797013532431
9.877777777777778,1.7484167722151855,-4.058129458036131
9.88888888888889,1.7484167722151855,-4.058129458036131
9.9,1.7350843277114858,-4.044797013532431
9.911111111111111,1.7484167722151855,-4.044797013532431
9.922222222222222,1.7484167722151855,-4.058129458036131
9.933333333333334,1.7484167722151855,-4.031464569028731
9.944444444444445,1.7617492167188853,-4.044797013532431
9.955555555555556,1.7350843277114858,-4.044797013532431
9.966666666666669,1.7484167722151855,-4.044797013532431
9.977777777777778,1.7484167722151855,-4.044797013532431
9.988888888888887,1.7350843277114858,-4.058129458036131
